split,subset,low,est,high
before,all,0.3744899813993831,0.5461211681479539,0.7717594566783242
after,all,1.2480333131959698,1.8134055340367803,2.5446698979829403
before,same,0.27909553501496503,0.5075667857046526,0.85790617072056
after,same,1.07014677768537,1.9239202411763796,3.1840291020344202
before,diff,0.33017172597503097,0.5557249150296771,0.884046603257027
after,diff,1.0626785622487902,1.7676597913812,2.760741146991371
before,diffhunting,0.195334789392017,0.33881184386283203,0.5348788131187282
after,diffhunting,1.8151651661517703,3.0496612439097,4.93295511384946
